{
    "0": -9.531539365649223,
    "1": -13.36668275296688
}
